x;TYPE;LIBELLE;IMP;NB;URL
x;FOOTBALL_SPORTIF;Kylian Mbappé;140527;3;https://www.lequipe.fr/Football/FootballFicheJoueur58221.html
x;FOOTBALL_SPORTIF;Neymar;17076;20;https://www.lequipe.fr/Football/FootballFicheJoueur39792.html
x;TENNIS_SPORTIF;Novak Djokovic;13662;1;https://www.lequipe.fr/Tennis/TennisFicheJoueur58221.html
x;FOOTBALL_SPORTIF;Edinson Cavani;6277;3;https://www.lequipe.fr/Football/FootballFicheJoueur26337.html
x;TENNIS_SPORTIF;Jo-Wilfried Tsonga;5309;1;https://www.lequipe.fr/Tennis/TennisFicheJoueur3153.html
x;TENNIS_SPORTIF;Andy Murray;5049;3;https://www.lequipe.fr/Tennis/TennisFicheJoueur26337.html
x;FOOTBALL_SPORTIF;André-Pierre Gignac;4424;9;https://www.lequipe.fr/Football/FootballFicheJoueur21222.html
x;TENNIS_SPORTIF;Caroline Garcia;4311;1;https://www.lequipe.fr/Tennis/TennisFicheJoueur3233.html
x;FOOTBALL_SPORTIF;Florian Thauvin;3755;6;https://www.lequipe.fr/Football/FootballFicheJoueur40841.html
x;FOOTBALL_SPORTIF;Thiago Silva;3698;2;https://www.lequipe.fr/Football/FootballFicheJoueur29652.html
x;FOOTBALL_SPORTIF;Luis Suarez;3471;2;https://www.lequipe.fr/Football/FootballFicheJoueur25656.html
x;TENNIS_SPORTIF;Gilles Simon;3469;4;https://www.lequipe.fr/Tennis/TennisFicheJoueur29652.html
x;FOOTBALL_SPORTIF;Gareth Bale;3312;2;https://www.lequipe.fr/Football/FootballFicheJoueur25711.html
x;CYCLISME_SPORTIF;Julian Alaphilippe;2944;4;https://www.lequipe.fr/Cyclisme-sur-route/CyclismeFicheCoureur58221.html
x;CYCLISME_SPORTIF;Thibaut Pinot;2866;3;https://www.lequipe.fr/Cyclisme-sur-route/CyclismeFicheCoureur39792.html
x;FOOTBALL_SPORTIF;Wayne Rooney;2857;1;https://www.lequipe.fr/Football/FootballFicheJoueur16673.html
x;BASKET_SPORTIF;LeBron James;2826;3;https://www.lequipe.fr/Basket/BasketFicheJoueur58221.html
x;BASKET_SPORTIF;Tony Parker;2789;25;https://www.lequipe.fr/Basket/BasketFicheJoueur39792.html
x;CYCLISME_SPORTIF;Christopher Froome;2675;6;https://www.lequipe.fr/Cyclisme-sur-route/CyclismeFicheCoureur3233.html
x;ATHLETISME_SPORTIF;Renaud Lavillenie;2524;4;https://www.lequipe.fr/Athletisme/AthletismeFicheAthlete58221.html
x;FOOTBALL_SPORTIF;Michel Platini;2516;1;https://www.lequipe.fr/Football/FootballFicheJoueur9663.html
x;FOOTBALL_SPORTIF;Pierre-Emerick Aubameyang;2483;4;https://www.lequipe.fr/Football/FootballFicheJoueur29427.html
x;FOOTBALL_SPORTIF;Marquinhos;2298;6;https://www.lequipe.fr/Football/FootballFicheJoueur46961.html
x;BASKET_SPORTIF;Rudy Gobert;2052;13;https://www.lequipe.fr/Basket/BasketFicheJoueur4470.html
x;FOOTBALL_SPORTIF;Mohamed Salah;2019;6;https://www.lequipe.fr/Football/FootballFicheJoueur45950.html
x;NATATION_SPORTIF;Florent Manaudou;1985;1;https://www.lequipe.fr/Natation/NatationFicheAthlete11000000000024900.html
x;CYCLISME_SPORTIF;Romain Bardet;1975;3;https://www.lequipe.fr/Cyclisme-sur-route/CyclismeFicheCoureur11320.html
x;FOOTBALL_SPORTIF;Didier Drogba;1932;1;https://www.lequipe.fr/Football/FootballFicheJoueur7574.html
x;JUDO_SPORTIF;Teddy Riner;1901;23;https://www.lequipe.fr/Judo/AussiFicheAthlete58221.html
x;TENNIS_SPORTIF;Nicolas Mahut;1789;2;https://www.lequipe.fr/Tennis/TennisFicheJoueur7574.html
x;FOOTBALL_SPORTIF;Daniel Alves;1724;1;https://www.lequipe.fr/Football/FootballFicheJoueur18675.html
x;FOOTBALL_SPORTIF;David Beckham;1604;5;https://www.lequipe.fr/Football/FootballFicheJoueur3895.html
x;BASKET_SPORTIF;Nicolas Batum;1588;22;https://www.lequipe.fr/Basket/BasketFicheJoueur4000000000003280.html
x;ATHLETISME_SPORTIF;Usain Bolt;1564;1;https://www.lequipe.fr/Athletisme/AthletismeFicheAthlete10293.html
x;TENNIS_SPORTIF;Pierre-Hugues Herbert;1533;1;https://www.lequipe.fr/Tennis/TennisFicheJoueur2927.html
x;CYCLISME_SPORTIF;Alberto Contador;1450;3;https://www.lequipe.fr/Cyclisme-sur-route/CyclismeFicheCoureur46961.html
x;FOOTBALL_SPORTIF;Ronaldinho;1300;2;https://www.lequipe.fr/Football/FootballFicheJoueur10318.html
x;TENNIS_SPORTIF;Ugo Humbert;1255;1;https://www.lequipe.fr/Tennis/TennisFicheJoueur1500000000009370.html
x;ATHLETISME_SPORTIF;Kevin Mayer;1254;2;https://www.lequipe.fr/Athletisme/AthletismeFicheAthlete6000000000013400.html
x;BASKET_SPORTIF;Evan Fournier;1227;8;https://www.lequipe.fr/Basket/BasketFicheJoueur5087.html
x;TENNIS_SPORTIF;Naomi Osaka;1222;5;https://www.lequipe.fr/Tennis/TennisFicheJoueur18006.html
x;CYCLISME_SPORTIF;Lance Armstrong;1135;1;https://www.lequipe.fr/Cyclisme-sur-route/CyclismeFicheCoureur24334.html
x;BASKET_SPORTIF;Stephen Curry;1124;2;https://www.lequipe.fr/Basket/BasketFicheJoueur10768.html
x;BASKET_SPORTIF;Kevin Durant;1119;10;https://www.lequipe.fr/Basket/BasketFicheJoueur7574.html
x;CYCLISME_SPORTIF;Mathieu Van Der Poel;1072;2;https://www.lequipe.fr/Cyclisme-sur-route/CyclismeFicheCoureur3895.html
x;BASKET_SPORTIF;Kobe Bryant;1070;9;https://www.lequipe.fr/Basket/BasketFicheJoueur2683.html
x;RUGBY_SPORTIF;Antoine Dupont;1061;7;https://www.lequipe.fr/Rugby/RugbyFicheJoueur7776.html
x;CYCLISME_SPORTIF;Primoz Roglic;1031;3;https://www.lequipe.fr/Cyclisme-sur-route/CyclismeFicheCoureur5641.html
x;JUDO_SPORTIF;Clarisse Agbegnenou;972;6;https://www.lequipe.fr/Judo/AussiFicheAthlete9663.html
x;ATHLETISME_SPORTIF;Jimmy Vicaut;958;2;https://www.lequipe.fr/Athletisme/AthletismeFicheAthlete18675.html
x;TENNIS_SPORTIF;Ashleigh Barty;957;1;https://www.lequipe.fr/Tennis/TennisFicheJoueur36094.html
x;BASKET_SPORTIF;Boris Diaw;914;7;https://www.lequipe.fr/Basket/BasketFicheJoueur1500000000009370.html
x;CYCLISME_SPORTIF;Wout Van Aert;904;1;https://www.lequipe.fr/Cyclisme-sur-route/CyclismeFicheCoureur4426.html
x;CYCLISME_SPORTIF;Alejandro Valverde;903;2;https://www.lequipe.fr/Cyclisme-sur-route/CyclismeFicheCoureur6677.html
x;NATATION_SPORTIF;Michael Phelps;899;1;https://www.lequipe.fr/Natation/NatationFicheAthlete58221.html
x;FOOTBALL_SPORTIF;Eugénie Le Sommer;897;9;https://www.lequipe.fr/Football/FootballFicheJoueur41269.html
x;FOOTBALL_SPORTIF;Wendie Renard;895;7;https://www.lequipe.fr/Football/FootballFicheJoueur41260.html
x;BASKET_SPORTIF;Nando De Colo;873;4;https://www.lequipe.fr/Basket/BasketFicheJoueur520.html
x;FOOTBALL_SPORTIF;Paulo Dybala;822;2;https://www.lequipe.fr/Football/FootballFicheJoueur46659.html
x;TENNIS_SPORTIF;Paul-Henri Mathieu;790;1;https://www.lequipe.fr/Tennis/TennisFicheJoueur2963.html
x;FOOTBALL_SPORTIF;Younes Belhanda;727;3;https://www.lequipe.fr/Football/FootballFicheJoueur33061.html
x;CYCLISME_SPORTIF;Bradley Wiggins;682;3;https://www.lequipe.fr/Cyclisme-sur-route/CyclismeFicheCoureur36094.html
x;TENNIS_SPORTIF;Michaël Llodra;674;1;https://www.lequipe.fr/Tennis/TennisFicheJoueur33061.html
x;CYCLISME_SPORTIF;Thomas Voeckler;661;2;https://www.lequipe.fr/Cyclisme-sur-route/CyclismeFicheCoureur5731.html
x;FOOTBALL_SPORTIF;Ferland Mendy;645;1;https://www.lequipe.fr/Football/FootballFicheJoueur45687.html
x;FOOTBALL_SPORTIF;Thiago Alcantara;634;2;https://www.lequipe.fr/Football/FootballFicheJoueur33077.html
x;FOOTBALL_SPORTIF;Daniel Sturridge;625;8;https://www.lequipe.fr/Football/FootballFicheJoueur26350.html
x;TENNIS_SPORTIF;Edouard Roger-Vasselin;611;1;https://www.lequipe.fr/Tennis/TennisFicheJoueur33077.html
x;CYCLISME_SPORTIF;Geraint Thomas;596;1;https://www.lequipe.fr/Cyclisme-sur-route/CyclismeFicheCoureur41269.html
x;FOOTBALL_SPORTIF;Jordi Alba;550;5;https://www.lequipe.fr/Football/FootballFicheJoueur34728.html
x;FOOTBALL_SPORTIF;Lucas Tousart;534;3;https://www.lequipe.fr/Football/FootballFicheJoueur55869.html
x;FOOTBALL_SPORTIF;Medhi Benatia;504;1;https://www.lequipe.fr/Football/FootballFicheJoueur24825.html
x;CYCLISME_SPORTIF;Sylvain Chavanel;496;3;https://www.lequipe.fr/Cyclisme-sur-route/CyclismeFicheCoureur2712.html
x;CYCLISME_SPORTIF;Tom Boonen;493;1;https://www.lequipe.fr/Cyclisme-sur-route/CyclismeFicheCoureur33061.html
x;TENNIS_SPORTIF;Fiona Ferro;491;1;https://www.lequipe.fr/Tennis/TennisFicheJoueur4238.html
x;BASKET_SPORTIF;Luka Doncic;485;4;https://www.lequipe.fr/Basket/BasketFicheJoueur2712.html
x;VTT_SPORTIF;Pauline Ferrand-Prevot;482;4;https://www.lequipe.fr/Sport/AussiFicheAthlete58221.html
x;CYCLISME_SPORTIF;Fabian Cancellara;482;2;https://www.lequipe.fr/Cyclisme-sur-route/CyclismeFicheCoureur45687.html
x;BASKET_SPORTIF;Russell Westbrook;476;3;https://www.lequipe.fr/Basket/BasketFicheJoueur2164.html
x;FOOTBALL_SPORTIF;Juan Manuel Mata;470;1;https://www.lequipe.fr/Football/FootballFicheJoueur25540.html
x;CYCLISME_SPORTIF;David Gaudu;466;5;https://www.lequipe.fr/Cyclisme-sur-route/CyclismeFicheCoureur3146.html
x;FOOTBALL_SPORTIF;Ryan Giggs;461;15;https://www.lequipe.fr/Football/FootballFicheJoueur3902.html
x;FOOTBALL_SPORTIF;Hulk;456;1;https://www.lequipe.fr/Football/FootballFicheJoueur30181.html
x;FOOTBALL_SPORTIF;Alexandre Pato;451;10;https://www.lequipe.fr/Football/FootballFicheJoueur27375.html
x;BASKET_SPORTIF;Frank Ntilikina;434;2;https://www.lequipe.fr/Basket/BasketFicheJoueur8500000000009390.html
x;FOOTBALL_SPORTIF;Paul Bernardoni;431;1;https://www.lequipe.fr/Football/FootballFicheJoueur53623.html
x;BASKET_SPORTIF;Céline Dumerc;429;12;https://www.lequipe.fr/Basket/BasketFicheJoueur55869.html
x;FOOTBALL_SPORTIF;César Azpilicueta;427;3;https://www.lequipe.fr/Football/FootballFicheJoueur27678.html
x;BASKET_SPORTIF;Nikola Jokic;423;1;https://www.lequipe.fr/Basket/BasketFicheJoueur4238.html
x;VOILE_SPORTIF;CAMMAS Franck;396;1;https://www.lequipe.fr/Voile/AussiFicheAthlete58221.html
x;FOOTBALL_SPORTIF;Demba Ba;393;2;https://www.lequipe.fr/Football/FootballFicheJoueur28631.html
x;BASKET_SPORTIF;Pau Gasol;383;6;https://www.lequipe.fr/Basket/BasketFicheJoueur7631.html
x;FOOTBALL_SPORTIF;Rafael;375;4;https://www.lequipe.fr/Football/FootballFicheJoueur44391.html
x;FOOTBALL_SPORTIF;Hiroki Sakai;373;1;https://www.lequipe.fr/Football/FootballFicheJoueur44480.html
x;FOOTBALL_SPORTIF;Téji Savanier;367;2;https://www.lequipe.fr/Football/FootballFicheJoueur33063.html
x;GOLF_SPORTIF;Hideki Matsuyama;362;1;https://www.lequipe.fr/Sport/AussiFicheAthlete6000000000013400.html
x;CYCLISME_SPORTIF;Tony Gallopin;350;1;https://www.lequipe.fr/Cyclisme-sur-route/CyclismeFicheCoureur27375.html
x;CYCLISME_SPORTIF;Cadel Evans;330;2;https://www.lequipe.fr/Cyclisme-sur-route/CyclismeFicheCoureur7223.html
x;BASKET_SPORTIF;Adrien Moerman;314;1;https://www.lequipe.fr/Basket/BasketFicheJoueur30181.html
x;FOOTBALL_SPORTIF;Camille Abily;313;5;https://www.lequipe.fr/Football/FootballFicheJoueur41274.html
x;FOOTBALL_SPORTIF;Gaëtane Thiney;300;13;https://www.lequipe.fr/Football/FootballFicheJoueur41356.html
x;BASKET_SPORTIF;Rodrigue Beaubois;293;1;https://www.lequipe.fr/Basket/BasketFicheJoueur53623.html
x;FOOTBALL_SPORTIF;Gaël Clichy;290;1;https://www.lequipe.fr/Football/FootballFicheJoueur16591.html
x;BASKET_SPORTIF;Timothé Luwawu-Cabarrot;288;1;https://www.lequipe.fr/Basket/BasketFicheJoueur27678.html
x;NATATION_SPORTIF;Marie Wattel;287;1;https://www.lequipe.fr/Natation/NatationFicheAthlete5731.html
x;CYCLISME_SPORTIF;Guillaume Martin;285;1;https://www.lequipe.fr/Cyclisme-sur-route/CyclismeFicheCoureur44391.html
x;BASKET_SPORTIF;Antoine Diot;284;2;https://www.lequipe.fr/Basket/BasketFicheJoueur28631.html
x;BASKET_SPORTIF;Ian Mahinmi;280;1;https://www.lequipe.fr/Basket/BasketFicheJoueur2370.html
x;BASKET_SPORTIF;Thomas Heurtel;276;3;https://www.lequipe.fr/Basket/BasketFicheJoueur44391.html
x;FOOTBALL_SPORTIF;Oscar;273;5;https://www.lequipe.fr/Football/FootballFicheJoueur39895.html
x;BASKET_SPORTIF;Carmelo Anthony;273;6;https://www.lequipe.fr/Basket/BasketFicheJoueur33063.html
x;CYCLISME_SPORTIF;Elia Viviani;271;3;https://www.lequipe.fr/Cyclisme-sur-route/CyclismeFicheCoureur7000000000003460.html
x;BASKET_SPORTIF;Guerschon Yabusele;271;1;https://www.lequipe.fr/Basket/BasketFicheJoueur9265.html
x;NATATION_SPORTIF;Maxime Grousset;269;1;https://www.lequipe.fr/Natation/NatationFicheAthlete2712.html
x;HANDBALL_SPORTIF;Luc Abalo;263;1;https://www.lequipe.fr/Handball/UniverselFicheJoueur7000000000024822.html
x;FOOTBALL_SPORTIF;Abdelaziz Barrada;259;3;https://www.lequipe.fr/Football/FootballFicheJoueur32741.html
x;BASKET_SPORTIF;Sandrine Gruda;258;8;https://www.lequipe.fr/Basket/BasketFicheJoueur41356.html
x;BASKET_SPORTIF;Damian Lillard;258;4;https://www.lequipe.fr/Basket/BasketFicheJoueur2962.html
x;CANOE-KAYAK_SPORTIF;Tony Estanguet;252;137;https://www.lequipe.fr/Sport/AussiFicheAthlete4722.html
x;FOOTBALL_SPORTIF;Adel Taarabt;241;1;https://www.lequipe.fr/Football/FootballFicheJoueur25671.html
x;CYCLISME_SPORTIF;Greg Van Avermaet;237;2;https://www.lequipe.fr/Cyclisme-sur-route/CyclismeFicheCoureur3500000000003240.html
x;BASKET_SPORTIF;Mickael Gelabale;236;1;https://www.lequipe.fr/Basket/BasketFicheJoueur11617.html
x;RUGBY_SPORTIF;Sonny Bill Williams;229;1;https://www.lequipe.fr/Rugby/RugbyFicheJoueur11500000000005200.html
x;GYMNASTIQUE_SPORTIF;Samir Ait-Said;226;3;https://www.lequipe.fr/Sport/AussiFicheAthlete11490.html
x;BASKET_SPORTIF;Marc Gasol;218;2;https://www.lequipe.fr/Basket/BasketFicheJoueur2874.html
x;BASKET_SPORTIF;Ali Traoré;215;2;https://www.lequipe.fr/Basket/BasketFicheJoueur39895.html
x;FOOTBALL_SPORTIF;Marie-Laure Delie;211;5;https://www.lequipe.fr/Football/FootballFicheJoueur41355.html
x;JUDO_SPORTIF;Emilie Andeol;210;1;https://www.lequipe.fr/Judo/AussiFicheAthlete41274.html
x;BASKET_SPORTIF;Florent Piétrus;209;4;https://www.lequipe.fr/Basket/BasketFicheJoueur6410.html
x;BASKET_SPORTIF;Ronny Turiaf;201;3;https://www.lequipe.fr/Basket/BasketFicheJoueur11000000000032900.html
x;TENNIS_SPORTIF;Pablo Andujar;200;1;https://www.lequipe.fr/Tennis/TennisFicheJoueur100.html
x;BASKET_SPORTIF;Emanuel Ginobili;195;3;https://www.lequipe.fr/Basket/BasketFicheJoueur32741.html
x;BASKET_SPORTIF;Chris Paul;195;2;https://www.lequipe.fr/Basket/BasketFicheJoueur8500000000003300.html
x;ESCRIME_SPORTIF;Laura Flessel Colovic;188;8;https://www.lequipe.fr/Sport/AussiFicheAthlete2963.html
x;BOXE_SPORTIF;Edward H. Sanders;186;2;https://www.lequipe.fr/Sport/AussiFicheAthlete46659.html
x;FOOTBALL_SPORTIF;Papiss Demba Cissé;184;3;https://www.lequipe.fr/Football/FootballFicheJoueur22966.html
x;CYCLISME_SPORTIF;Alexis Vuillermoz;177;2;https://www.lequipe.fr/Cyclisme-sur-route/CyclismeFicheCoureur35677.html
x;BASKET_SPORTIF;Paul George;176;1;https://www.lequipe.fr/Basket/BasketFicheJoueur2456.html
x;FOOTBALL_SPORTIF;Elise Bussaglia;173;6;https://www.lequipe.fr/Football/FootballFicheJoueur41352.html
x;BASKET_SPORTIF;DeMarcus Cousins;170;1;https://www.lequipe.fr/Basket/BasketFicheJoueur35677.html
x;PENTATHLON_SPORTIF;Elodie Clouvel;169;1;https://www.lequipe.fr/Sport/AussiFicheAthlete45687.html
x;FOOTBALL_SPORTIF;Adrien Regattin;167;1;https://www.lequipe.fr/Football/FootballFicheJoueur32571.html
x;BASKET_SPORTIF;Andrew Albicy;167;2;https://www.lequipe.fr/Basket/BasketFicheJoueur41355.html
x;NATATION_SPORTIF;Roxana Maracineanu;165;4;https://www.lequipe.fr/Natation/NatationFicheAthlete8.html
x;FOOTBALL_SPORTIF;Paul Scholes;165;1;https://www.lequipe.fr/Football/FootballFicheJoueur3899.html
x;CYCLISME_SPORTIF;Dan Martin;164;1;https://www.lequipe.fr/Cyclisme-sur-route/CyclismeFicheCoureur7000000000003440.html
x;CYCLISME_SPORTIF;Annemiek Van Vleuten;162;2;https://www.lequipe.fr/Cyclisme-sur-route/CyclismeFicheCoureur6692.html
x;BASKET_SPORTIF;Blake Griffin;160;2;https://www.lequipe.fr/Basket/BasketFicheJoueur1000000000002900.html
x;BASKET_SPORTIF;Isabelle Yacoubou;153;4;https://www.lequipe.fr/Basket/BasketFicheJoueur7000000000003440.html
x;BASKET_SPORTIF;Draymond Green;153;2;https://www.lequipe.fr/Basket/BasketFicheJoueur6692.html
x;VOILE_SPORTIF;Charline PICON;151;15;https://www.lequipe.fr/Voile/AussiFicheAthlete1000000000009140.html
x;CYCLISME_SPORTIF;Benjamin Thomas;143;3;https://www.lequipe.fr/Cyclisme-sur-route/CyclismeFicheCoureur41352.html
x;FOOTBALL_SPORTIF;Laura Georges;141;5;https://www.lequipe.fr/Football/FootballFicheJoueur41261.html
x;BASKET_SPORTIF;Marine Johannès;140;3;https://www.lequipe.fr/Basket/BasketFicheJoueur5184.html
x;CYCLISME_SPORTIF;Audrey Cordon-Ragot;140;1;https://www.lequipe.fr/Cyclisme-sur-route/CyclismeFicheCoureur32571.html
x;FOOTBALL_SPORTIF;Louisa Necib-Cadamuro;139;6;https://www.lequipe.fr/Football/FootballFicheJoueur41270.html
x;FOOTBALL_SPORTIF;André Poko;138;1;https://www.lequipe.fr/Football/FootballFicheJoueur43378.html
x;ATHLETISME_SPORTIF;Dimitri Bascou;137;1;https://www.lequipe.fr/Athletisme/AthletismeFicheAthlete41352.html
x;FOOTBALL_SPORTIF;Giovani Dos Santos;135;4;https://www.lequipe.fr/Football/FootballFicheJoueur26059.html
x;FOOTBALL_SPORTIF;Sylvain Ripoll;135;1;https://www.lequipe.fr/Football/FootballFicheJoueur2905.html
x;CYCLISME_SPORTIF;Thor Hushovd;126;1;https://www.lequipe.fr/Cyclisme-sur-route/CyclismeFicheCoureur4184.html
x;RUGBY_SPORTIF;Stéphane Delpuech;122;1;https://www.lequipe.fr/Rugby/RugbyFicheJoueur354.html
x;CYCLISME_SPORTIF;Rémi Cavagna;117;7;https://www.lequipe.fr/Cyclisme-sur-route/CyclismeFicheCoureur6014.html
x;BASKET_SPORTIF;LaMarcus Aldridge;117;3;https://www.lequipe.fr/Basket/BasketFicheJoueur4184.html
x;CYCLISME_SPORTIF;Jeannie Longo-Ciprelli;113;1;https://www.lequipe.fr/Cyclisme-sur-route/CyclismeFicheCoureur11864.html
x;BASKET_SPORTIF;Devin Booker;111;2;https://www.lequipe.fr/Basket/BasketFicheJoueur6014.html
x;HANDBALL_SPORTIF;Cléopatre Darleux;109;1;https://www.lequipe.fr/Handball/UniverselFicheJoueur30041.html
x;FOOTBALL_SPORTIF;Moussa Konaté;106;12;https://www.lequipe.fr/Football/FootballFicheJoueur43093.html
x;CYCLISME_SPORTIF;Samuel Sanchez;106;1;https://www.lequipe.fr/Cyclisme-sur-route/CyclismeFicheCoureur41270.html
x;FOOTBALL_SPORTIF;Chu-young Park;103;4;https://www.lequipe.fr/Football/FootballFicheJoueur23845.html
x;CYCLISME_SPORTIF;Simon Gerrans;103;1;https://www.lequipe.fr/Cyclisme-sur-route/CyclismeFicheCoureur10969.html
x;FOOTBALL_SPORTIF;Iker Muniain;103;3;https://www.lequipe.fr/Football/FootballFicheJoueur33917.html
x;FOOTBALL_SPORTIF;Hope Solo;102;5;https://www.lequipe.fr/Football/FootballFicheJoueur41669.html
x;ATHLETISME_SPORTIF;Michel Jazy;100;1;https://www.lequipe.fr/Athletisme/AthletismeFicheAthlete10189.html
x;CYCLISME_SPORTIF;Roman Kreuziger;100;1;https://www.lequipe.fr/Cyclisme-sur-route/CyclismeFicheCoureur354.html
x;FOOTBALL_SPORTIF;Sonia Bompastor;99;11;https://www.lequipe.fr/Football/FootballFicheJoueur41264.html
x;FOOTBALL_SPORTIF;Elodie Thomis;99;4;https://www.lequipe.fr/Football/FootballFicheJoueur41278.html
x;AVIRON_SPORTIF;Matthieu Androdias;94;1;https://www.lequipe.fr/Sport/AussiFicheAthlete2962.html
x;BASKET_SPORTIF;Yannick Bokolo;88;2;https://www.lequipe.fr/Basket/BasketFicheJoueur11628.html
x;BASKET_SPORTIF;Endy Miyem;86;1;https://www.lequipe.fr/Basket/BasketFicheJoueur9000000000003340.html
x;BASKET_SPORTIF;Milos Teodosic;82;2;https://www.lequipe.fr/Basket/BasketFicheJoueur8665.html
x;FOOTBALL_SPORTIF;Abby Wambach;81;5;https://www.lequipe.fr/Football/FootballFicheJoueur41689.html
x;VOILE_SPORTIF;Camille LECOINTRE;78;6;https://www.lequipe.fr/Voile/AussiFicheAthlete44480.html
x;CYCLISME_SPORTIF;Matthew Goss;75;1;https://www.lequipe.fr/Cyclisme-sur-route/CyclismeFicheCoureur4500000000009420.html
x;BASKET_SPORTIF;Ricky Rubio;74;1;https://www.lequipe.fr/Basket/BasketFicheJoueur4453.html
x;BASKET_SPORTIF;Vince Carter;73;1;https://www.lequipe.fr/Basket/BasketFicheJoueur23845.html
x;FOOTBALL_SPORTIF;Sandro;72;1;https://www.lequipe.fr/Football/FootballFicheJoueur34673.html
x;RUGBY_SPORTIF;Michael Hooper;68;2;https://www.lequipe.fr/Rugby/RugbyFicheJoueur6542.html
x;BASKET_SPORTIF;Rudy Fernandez;68;1;https://www.lequipe.fr/Basket/BasketFicheJoueur41669.html
x;FOOTBALL_SPORTIF;Yassine Jebbour;67;1;https://www.lequipe.fr/Football/FootballFicheJoueur33371.html
x;FOOTBALL_SPORTIF;Bob Wilson;67;1;https://www.lequipe.fr/Football/FootballFicheJoueur15711.html
x;FOOTBALL_SPORTIF;Clément Michelin;67;1;https://www.lequipe.fr/Football/FootballFicheJoueur61574.html
x;BASKET_SPORTIF;Bradley Beal;66;2;https://www.lequipe.fr/Basket/BasketFicheJoueur41278.html
x;BASKET_SPORTIF;Edwige Lawson;66;1;https://www.lequipe.fr/Basket/BasketFicheJoueur37203.html
x;FOOTBALL_SPORTIF;Micah Richards;66;1;https://www.lequipe.fr/Football/FootballFicheJoueur22894.html
x;FOOTBALL_SPORTIF;Leandro Damiao;66;10;https://www.lequipe.fr/Football/FootballFicheJoueur39890.html
x;FOOTBALL_SPORTIF;Sandrine Soubeyrand;65;6;https://www.lequipe.fr/Football/FootballFicheJoueur41354.html
x;FOOTBALL_SPORTIF;Houssine Kharja;64;2;https://www.lequipe.fr/Football/FootballFicheJoueur20146.html
x;JUDO_SPORTIF;David Douillet;64;4;https://www.lequipe.fr/Judo/AussiFicheAthlete4500000000009420.html
x;TENNIS_SPORTIF;Saisai Zheng;63;1;https://www.lequipe.fr/Tennis/TennisFicheJoueur20146.html
x;FOOTBALL_SPORTIF;Craig Bellamy;62;8;https://www.lequipe.fr/Football/FootballFicheJoueur7643.html
x;CYCLISME_SPORTIF;Nicolas Roche;61;1;https://www.lequipe.fr/Cyclisme-sur-route/CyclismeFicheCoureur6500000000003390.html
x;BASKET_SPORTIF;Isaiah Thomas;59;1;https://www.lequipe.fr/Basket/BasketFicheJoueur34673.html
x;BASKET_SPORTIF;Yakhouba Diawara;57;1;https://www.lequipe.fr/Basket/BasketFicheJoueur6542.html
x;CYCLISME_SPORTIF;David Millar;57;1;https://www.lequipe.fr/Cyclisme-sur-route/CyclismeFicheCoureur61574.html
x;FOOTBALL_SPORTIF;Scott Sinclair;54;3;https://www.lequipe.fr/Football/FootballFicheJoueur26261.html
x;FOOTBALL_SPORTIF;Manuel Lanzini;53;2;https://www.lequipe.fr/Football/FootballFicheJoueur47802.html
x;BASKET_SPORTIF;Zach Lavine;52;2;https://www.lequipe.fr/Basket/BasketFicheJoueur61574.html
x;BASKET_SPORTIF;Valériane Vukosavljevic;51;1;https://www.lequipe.fr/Basket/BasketFicheJoueur5875.html
x;BASKET_SPORTIF;Emmeline Ndongue;51;2;https://www.lequipe.fr/Basket/BasketFicheJoueur1222.html
x;FOOTBALL_SPORTIF;Oribe Peralta;49;1;https://www.lequipe.fr/Football/FootballFicheJoueur41599.html
x;CYCLISME_SUR_PISTE_SPORTIF;Severino Angella;48;1;https://www.lequipe.fr/Sport/AussiFicheAthlete22966.html
x;FOOTBALL_SPORTIF;Nicolas Lodeiro;48;2;https://www.lequipe.fr/Football/FootballFicheJoueur35352.html
x;FOOTBALL_SPORTIF;Gaston Ramirez;47;4;https://www.lequipe.fr/Football/FootballFicheJoueur38199.html
x;TENNIS_SPORTIF;Viktorija Golubic;45;1;https://www.lequipe.fr/Tennis/TennisFicheJoueur35352.html
x;BASKET_SPORTIF;Andrei Kirilenko;44;1;https://www.lequipe.fr/Basket/BasketFicheJoueur4358.html
x;CANOE-KAYAK_SPORTIF;Boris Neveu;43;2;https://www.lequipe.fr/Sport/AussiFicheAthlete37798.html
x;NATATION_SPORTIF;Pieter Van Den Hoogenband;43;1;https://www.lequipe.fr/Natation/NatationFicheAthlete9000000000003340.html
x;BASKET_SPORTIF;DeAndre Jordan;42;1;https://www.lequipe.fr/Basket/BasketFicheJoueur1553.html
x;BASKET_SPORTIF;Olivia Epoupa;41;5;https://www.lequipe.fr/Basket/BasketFicheJoueur164.html
x;FOOTBALL_SPORTIF;Norberto Murara Neto;40;2;https://www.lequipe.fr/Football/FootballFicheJoueur40460.html
x;VOILE_SPORTIF;Marie RIOU;40;2;https://www.lequipe.fr/Voile/AussiFicheAthlete6692.html
x;BASKET_SPORTIF;Khris Middleton;39;1;https://www.lequipe.fr/Basket/BasketFicheJoueur7139.html
x;VOILE_SPORTIF;Billy BESSON;38;3;https://www.lequipe.fr/Voile/AussiFicheAthlete22966.html
x;BASKET_SPORTIF;Antoine Rigaudeau;37;1;https://www.lequipe.fr/Basket/BasketFicheJoueur4000000000003250.html
x;CANOE-KAYAK_SPORTIF;Wilfrid Forgues;35;1;https://www.lequipe.fr/Sport/AussiFicheAthlete12500000000030900.html
x;BASKET_SPORTIF;Jrue Holiday;35;2;https://www.lequipe.fr/Basket/BasketFicheJoueur17593.html
x;GYMNASTIQUE_SPORTIF;Thomas Bouhail;35;1;https://www.lequipe.fr/Sport/AussiFicheAthlete41261.html
x;ESCRIME_SPORTIF;Astrid Guyart;34;1;https://www.lequipe.fr/Sport/AussiFicheAthlete7809.html
x;FOOTBALL_SPORTIF;Ibrahima Baldé;32;1;https://www.lequipe.fr/Football/FootballFicheJoueur35667.html
x;BASKET_SPORTIF;Luis Scola;32;2;https://www.lequipe.fr/Basket/BasketFicheJoueur566.html
x;FOOTBALL_SPORTIF;Sabrina Delannoy;32;2;https://www.lequipe.fr/Football/FootballFicheJoueur47575.html
x;FOOTBALL_SPORTIF;Zakarya Bergdich;31;3;https://www.lequipe.fr/Football/FootballFicheJoueur35492.html
x;CYCLISME_SPORTIF;Simon Clarke;30;1;https://www.lequipe.fr/Cyclisme-sur-route/CyclismeFicheCoureur40460.html
x;FOOTBALL_SPORTIF;Cafu;29;1;https://www.lequipe.fr/Football/FootballFicheJoueur22489.html
x;ESCRIME_SPORTIF;Brice Guyart;28;3;https://www.lequipe.fr/Sport/AussiFicheAthlete3117.html
x;FOOTBALL_SPORTIF;Corine Petit;27;2;https://www.lequipe.fr/Football/FootballFicheJoueur41263.html
x;BASKET_SPORTIF;Yannis Morin;27;1;https://www.lequipe.fr/Basket/BasketFicheJoueur12500000000031000.html
x;FOOTBALL_SPORTIF;Mohamed Aboutrika;25;3;https://www.lequipe.fr/Football/FootballFicheJoueur28768.html
x;BASKET_SPORTIF;Scottie Pippen;25;1;https://www.lequipe.fr/Basket/BasketFicheJoueur12500000000051600.html
x;BASKET_SPORTIF;Laurent Sciarra;24;2;https://www.lequipe.fr/Basket/BasketFicheJoueur627.html
x;BASKET_SPORTIF;Sarunas Jasikevicius;23;1;https://www.lequipe.fr/Basket/BasketFicheJoueur9857.html
x;JUDO_SPORTIF;Matthieu Bataille;22;1;https://www.lequipe.fr/Judo/AussiFicheAthlete566.html
x;TAEKWONDO_SPORTIF;Pascal Gentil;21;1;https://www.lequipe.fr/Sport/AussiFicheAthlete4453.html
x;BASKET_SPORTIF;Patrick Mills;20;1;https://www.lequipe.fr/Basket/BasketFicheJoueur35667.html
x;BASKET_SPORTIF;Frédéric Weis;19;1;https://www.lequipe.fr/Basket/BasketFicheJoueur2681.html
x;FOOTBALL_SPORTIF;Zakaria Labyad;17;1;https://www.lequipe.fr/Football/FootballFicheJoueur35975.html
x;TRIATHLON_SPORTIF;Dorian Coninx;17;1;https://www.lequipe.fr/Sport/AussiFicheAthlete8191.html
x;CYCLISME_SPORTIF;Jason Kenny;16;1;https://www.lequipe.fr/Cyclisme-sur-route/CyclismeFicheCoureur41263.html
x;BASKET_SPORTIF;Jan Vesely;16;1;https://www.lequipe.fr/Basket/BasketFicheJoueur22489.html
x;FOOTBALL_SPORTIF;Yassine El-Kharroubi;15;1;https://www.lequipe.fr/Football/FootballFicheJoueur29558.html
x;VOILE_SPORTIF;Thomas GOYARD;14;4;https://www.lequipe.fr/Voile/AussiFicheAthlete8665.html
x;VOILE_SPORTIF;BONTEMPS Julien;14;2;https://www.lequipe.fr/Voile/AussiFicheAthlete7718.html
x;FOOTBALL_SPORTIF;Alexander N'Doumbou;14;1;https://www.lequipe.fr/Football/FootballFicheJoueur35714.html
x;ESCRIME_SPORTIF;Olga Kharlan;14;1;https://www.lequipe.fr/Sport/AussiFicheAthlete11500000000003300.html
x;FOOTBALL_SPORTIF;Rômulo;13;3;https://www.lequipe.fr/Football/FootballFicheJoueur43187.html
x;VOILE_SPORTIF;Pierre LE COQ;13;2;https://www.lequipe.fr/Voile/AussiFicheAthlete23845.html
x;FOOTBALL_SPORTIF;Chris Wood;13;3;https://www.lequipe.fr/Football/FootballFicheJoueur33201.html
x;BASKET_SPORTIF;Diana Taurasi;13;1;https://www.lequipe.fr/Basket/BasketFicheJoueur13991.html
x;TRIATHLON_SPORTIF;Léo Bergère;10;1;https://www.lequipe.fr/Sport/AussiFicheAthlete1043.html
x;BASKET_SPORTIF;Aron Baynes;10;1;https://www.lequipe.fr/Basket/BasketFicheJoueur8500000000003240.html
x;CYCLISME_SPORTIF;Elizabeth Armitstead-Deignan;9;2;https://www.lequipe.fr/Cyclisme-sur-route/CyclismeFicheCoureur9379.html
x;CYCLISME_SUR_PISTE_SPORTIF;François Pervis;9;1;https://www.lequipe.fr/Sport/AussiFicheAthlete6500000000003390.html
x;BASKET_SPORTIF;Jianlian Yi;9;1;https://www.lequipe.fr/Basket/BasketFicheJoueur12500000000059800.html
x;BASKET_SPORTIF;Florence Lepron;9;2;https://www.lequipe.fr/Basket/BasketFicheJoueur9379.html
x;TENNIS_DE_TABLE_SPORTIF;Jean-Philippe Gatien;8;1;https://www.lequipe.fr/Sport/AussiFicheAthlete61574.html
x;BASKET_SPORTIF;Greivis Vasquez;7;2;https://www.lequipe.fr/Basket/BasketFicheJoueur29558.html
x;BASKET_SPORTIF;Sarah Michel;7;2;https://www.lequipe.fr/Basket/BasketFicheJoueur12500000000051600.html
x;BASKET_SPORTIF;Yannick Souvre;7;1;https://www.lequipe.fr/Basket/BasketFicheJoueur6500000000023920.html
x;BASKET_SPORTIF;Amel Bouderra;7;1;https://www.lequipe.fr/Basket/BasketFicheJoueur35714.html
x;RUGBY_A_7_SPORTIF;Julien Candelon;6;1;https://www.lequipe.fr/Rugby-a-7/AussiFicheAthlete179216.html
x;FOOTBALL_SPORTIF;Homare Sawa;5;1;https://www.lequipe.fr/Football/FootballFicheJoueur41699.html
x;NATATION_SPORTIF;Richard Pound;5;2;https://www.lequipe.fr/Natation/NatationFicheAthlete7238.html
x;VOILE_SPORTIF;Julien D'ORTOLI;4;1;https://www.lequipe.fr/Voile/AussiFicheAthlete34673.html
x;VOILE_SPORTIF;Hélène DEFRANCE;4;2;https://www.lequipe.fr/Voile/AussiFicheAthlete6542.html
x;BASKET_SPORTIF;Miranda Ayim;3;1;https://www.lequipe.fr/Basket/BasketFicheJoueur13500000000084300.html
x;FOOTBALL_SPORTIF;Renan Bressan;2;3;https://www.lequipe.fr/Football/FootballFicheJoueur38244.html
x;VOILE_SPORTIF;Elliot WILLIS;2;1;https://www.lequipe.fr/Voile/AussiFicheAthlete15711.html
x;FOOTBALL_SPORTIF;Yuki Otsu;2;3;https://www.lequipe.fr/Football/FootballFicheJoueur42071.html
x;EQUITATION_SPORTIF;Pierre Durand;1;1;https://www.lequipe.fr/Sport/AussiFicheAthlete26261.html
x;BASKET_SPORTIF;Romane Bernies;1;1;https://www.lequipe.fr/Basket/BasketFicheJoueur4122.html
x;BASKET_SPORTIF;Alexia Chartereau;-82;1;https://www.lequipe.fr/Basket/BasketFicheJoueur9861.html
x;BASKET_SPORTIF;Marine Fauthoux;-93;1;https://www.lequipe.fr/Basket/BasketFicheJoueur5160.html
x;CYCLISME_SPORTIF;Anna Kiesenhofer;-98;4;https://www.lequipe.fr/Cyclisme-sur-route/CyclismeFicheCoureur179216.html
